Conto : F0937 GATTI MATTEO;;;;;;;;;;;;;
Data estrazione : 2026/06/02 20:2:45;;;;;;;;;;;;;
Dati dal 2023/08/17 al 2026/06/01;;;;;;;;;;;;;
Tipo dato: Valore Patrimonio;;;;;;;;;;;;;
;;;;;;;;MOVIMENTI;;;;;
PATRIMONIO (Liquidità - Finanziamento long + Garanzia short + Portafoglio);;;;;;;;;;;;;
;;;;;;;;Data;Descrizione;Valore;Descrizione titolo;Isin;Ticker
Data;Liquidità;Finanziamento long;Garanzia short;Portafoglio;Patrimonio;Note;;8/17/23;Conferimento con bonifico;10;;;
8/17/23;10;0;0;0;10;;;8/28/23;Conferimento con bonifico;790;;;
8/18/23;10;0;0;0;10;;;9/19/23;Conferimento titoli;304,5;L&G CYBER SECURITY UCITS ETF;IE00BYPLS672;ISPY
8/19/23;10;0;0;0;10;;;9/22/23;Conferimento titoli;1105;XTRACKERS II GLO GOV BOND 5C;LU0908508731;X.XG7S
8/20/23;10;0;0;0;10;;;9/28/23;Conferimento con bonifico;500;;;
8/21/23;10;0;0;0;10;;;10/30/23;Conferimento con bonifico;600;;;
8/22/23;10;0;0;0;10;;;11/21/23;Conferimento con bonifico;600;;;
8/23/23;10;0;0;0;10;;;11/29/23;Conferimento con bonifico;500;;;
8/24/23;10;0;0;0;10;;;12/12/23;Conferimento con bonifico;250;;;
8/25/23;10;0;0;0;10;;;12/22/23;Conferimento con bonifico;1500;;;
8/26/23;10;0;0;0;10;;;1/9/24;Bollo portafoglio titoli*;-3,7;;;
8/27/23;10;0;0;0;10;;;1/24/24;Conferimento con bonifico;2000;;;
8/28/23;800;0;0;0;800;;;2/28/24;Conferimento con bonifico;500;;;
8/29/23;800;0;0;0;800;;;4/3/24;Ritenuta su plusvalenza;-3,38;;;
8/30/23;800;0;0;0;800;;;4/29/24;Conferimento con bonifico;650;;;
8/31/23;800;0;0;0;800;;;5/6/24;Conferimento con bonifico;10;;;
9/1/23;800;0;0;0;800;;;5/14/24;Conferimento con bonifico;640;;;
9/2/23;800;0;0;0;800;;;5/28/24;Conferimento con bonifico;500;;;
9/3/23;800;0;0;0;800;;;6/14/24;Conferimento con bonifico;600;;;
9/4/23;23;0;0;777,3;800,3;;;6/28/24;Conferimento con bonifico;600;;;
9/5/23;23;0;0;775,65;798,65;;;7/12/24;Conferimento con bonifico;2600;;;
9/6/23;23;0;0;771,5;794,5;;;7/30/24;Conferimento con bonifico;6600;;;
9/7/23;23;0;0;775,1;798,1;;;8/12/24;Conferimento con bonifico;1200;;;
9/8/23;23;0;0;776;799;;;8/29/24;Conferimento con bonifico;12500;;;
9/9/23;23;0;0;776;799;;;9/2/24;Conferimento con bonifico;500;;;
9/10/23;23;0;0;776;799;;;9/16/24;Conferimento con bonifico;600;;;
9/11/23;23;0;0;773,7;796,7;;;9/24/24;Conferimento con bonifico;500;;;
9/12/23;23;0;0;773,05;796,05;;;9/24/24;Ritenuta su plusvalenza;-11,16;;;
9/13/23;23;0;0;771,7;794,7;;;9/25/24;Ritenuta su plusvalenza;-28,72;;;
9/14/23;23;0;0;776,15;799,15;;;10/1/24;Conferimento con bonifico;1500;;;
9/15/23;23;0;0;771,25;794,25;;;11/1/24;Conferimento con bonifico;300;;;
9/16/23;23;0;0;771,25;794,25;;;11/7/24;Prelievo bonifico;-2700;;;
9/17/23;23;0;0;771,25;794,25;;;11/13/24;Prelievo bonifico;-950;;;
9/18/23;23;0;0;768,5;791,5;;;11/26/24;Conferimento con bonifico;325;;;
9/19/23;23;0;0;1061,72;1084,72;;;11/27/24;Ritenuta su plusvalenza;-126,96;;;
9/20/23;23;0;0;1066,72;1089,72;;;12/2/24;Conferimento con bonifico;300;;;
9/21/23;23;0;0;1059,7;1082,7;;;12/10/24;Conferimento con bonifico;400;;;
9/22/23;30,45;0;0;2135,22;2165,67;;;12/16/24;Conferimento con bonifico;100;;;
9/23/23;30,45;0;0;2135,22;2165,67;;;1/6/25;Conferimento con bonifico;400;;;
9/24/23;30,45;0;0;2135,22;2165,67;;;1/10/25;Bollo portafoglio titoli*;-72,7;;;
9/25/23;30,45;0;0;2128,74;2159,19;;;1/28/25;Conferimento con bonifico;500;;;
9/26/23;30,45;0;0;2122,41;2152,86;;;1/29/25;Conferimento con bonifico;200;;;
9/27/23;30,45;0;0;2120,49;2150,94;;;2/3/25;Conferimento con bonifico;250;;;
9/28/23;76,7;0;0;2555,28;2631,98;;;2/20/25;Conferimento con bonifico;250;;;
9/29/23;76,7;0;0;2578,98;2655,68;;;2/20/25;Ritenuta su plusvalenza;-24,78;;;
9/30/23;76,7;0;0;2578,98;2655,68;;;2/28/25;Conferimento con bonifico;600;;;
10/1/23;76,7;0;0;2578,98;2655,68;;;3/3/25;Conferimento con bonifico;200;;;
10/2/23;76,7;0;0;2571,15;2647,85;;;3/6/25;Ritenuta su plusvalenza;-33,29;;;
10/3/23;18,2;0;0;2612,27;2630,47;;;3/7/25;Conferimento con bonifico;300;;;
10/4/23;18,2;0;0;2611,2;2629,4;;;3/24/25;Conferimento con bonifico;125;;;
10/5/23;18,2;0;0;2614,14;2632,34;;;3/31/25;Conferimento con bonifico;1700;;;
10/6/23;18,2;0;0;2617,78;2635,98;;;4/3/25;Conferimento con bonifico;150;;;
10/7/23;18,2;0;0;2617,78;2635,98;;;5/2/25;Conferimento con bonifico;1000;;;
10/8/23;18,2;0;0;2617,78;2635,98;;;5/14/25;Conferimento con bonifico;150;;;
10/9/23;18,2;0;0;2638,33;2656,53;;;5/23/25;Conferimento con bonifico;400;;;
10/10/23;18,2;0;0;2648,29;2666,49;;;6/2/25;Conferimento con bonifico;1500;;;
10/11/23;18,2;0;0;2657,41;2675,61;;;6/9/25;Conferimento con bonifico;250;;;
10/12/23;18,2;0;0;2644,64;2662,84;;;6/23/25;Conferimento con bonifico;650;;;
10/13/23;18,2;0;0;2643,82;2662,02;;;7/1/25;Conferimento con bonifico;3500;;;
10/14/23;18,2;0;0;2643,82;2662,02;;;7/15/25;Conferimento con bonifico;1100;;;
10/15/23;18,2;0;0;2643,82;2662,02;;;8/1/25;Conferimento con bonifico;1000;;;
10/16/23;18,2;0;0;2642,94;2661,14;;;8/1/25;Conferimento con bonifico;500;;;
10/17/23;18,2;0;0;2624,84;2643,04;;;8/18/25;Conferimento con bonifico;1000;;;
10/18/23;18,2;0;0;2615;2633,2;;;8/25/25;Conferimento con bonifico;1600;;;
10/19/23;18,2;0;0;2612,36;2630,56;;;9/2/25;Conferimento con bonifico;600;;;
10/20/23;4,37;0;0;2622,24;2626,61;;;10/1/25;Conferimento con bonifico;1400;;;
10/21/23;4,37;0;0;2622,24;2626,61;;;10/10/25;Conferimento con bonifico;300;;;
10/22/23;4,37;0;0;2622,24;2626,61;;;10/28/25;Conferimento con bonifico;1000;;;
10/23/23;4,37;0;0;2628,26;2632,63;;;11/13/25;Ritenuta su plusvalenza;-15,55;;;
10/24/23;4,37;0;0;2635,76;2640,13;;;12/7/25;Conferimento con bonifico;600;;;
10/25/23;4,37;0;0;2623,07;2627,44;;;12/11/25;Ritenuta su plusvalenza;-20,17;;;
10/26/23;4,37;0;0;2627,25;2631,62;;;12/22/25;Conferimento con bonifico;1672;;;
10/27/23;4,37;0;0;2631,9;2636,27;;;1/12/26;Bollo portafoglio titoli*;-136,2;;;
10/28/23;4,37;0;0;2631,9;2636,27;;;1/13/26;Conferimento con bonifico;50;;;
10/29/23;4,37;0;0;2631,9;2636,27;;;1/19/26;Conferimento con bonifico;550;;;
10/30/23;9,81;0;0;3226,1;3235,91;;;2/1/26;Conferimento con bonifico;500;;;
10/31/23;9,81;0;0;3247,77;3257,58;;;3/3/26;Conferimento con bonifico;250;;;
11/1/23;9,81;0;0;3260,83;3270,64;;;3/19/26;Conferimento con bonifico;300;;;
11/2/23;9,81;0;0;3292,41;3302,22;;;3/27/26;Conferimento con bonifico;700;;;
11/3/23;9,81;0;0;3321,83;3331,64;;;5/15/26;Conferimento con bonifico;1000;;;
11/4/23;9,81;0;0;3321,83;3331,64;;;;;;;;
11/5/23;9,81;0;0;3321,83;3331,64;;;;;;;;
11/6/23;9,81;0;0;3290,13;3299,94;;;;;;;;
11/7/23;9,81;0;0;3317,46;3327,27;;;;;;;;
11/8/23;9,81;0;0;3321,3;3331,11;;;;;;;;
11/9/23;9,81;0;0;3327,98;3337,79;;;;;;;;
11/10/23;9,81;0;0;3311,35;3321,16;;;;;;;;
11/11/23;9,81;0;0;3311,35;3321,16;;;;;;;;
11/12/23;9,81;0;0;3311,35;3321,16;;;;;;;;
11/13/23;9,81;0;0;3314,75;3324,56;;;;;;;;
11/14/23;9,81;0;0;3363,55;3373,36;;;;;;;;
11/15/23;525,25;0;0;2843,25;3368,5;;;;;;;;
11/16/23;525,25;0;0;2853,09;3378,34;;;;;;;;
11/17/23;55,45;0;0;3325,45;3380,9;;;;;;;;
11/18/23;55,45;0;0;3325,45;3380,9;;;;;;;;
11/19/23;55,45;0;0;3325,45;3380,9;;;;;;;;
11/20/23;55,45;0;0;3324,59;3380,04;;;;;;;;
11/21/23;24,25;0;0;3955,72;3979,97;;;;;;;;
11/22/23;24,25;0;0;3970,29;3994,54;;;;;;;;
11/23/23;24,25;0;0;3956,49;3980,74;;;;;;;;
11/24/23;24,25;0;0;3954,05;3978,3;;;;;;;;
11/25/23;24,25;0;0;3954,05;3978,3;;;;;;;;
11/26/23;24,25;0;0;3954,05;3978,3;;;;;;;;
11/27/23;24,25;0;0;3980,36;4004,61;;;;;;;;
11/28/23;24,25;0;0;3989,4;4013,65;;;;;;;;
11/29/23;524,25;0;0;4019,3;4543,55;;;;;;;;
11/30/23;524,25;0;0;4010,41;4534,66;;;;;;;;
12/1/23;11,45;0;0;4583,39;4594,84;;;;;;;;
12/2/23;11,45;0;0;4583,39;4594,84;;;;;;;;
12/3/23;11,45;0;0;4583,39;4594,84;;;;;;;;
12/4/23;11,45;0;0;4578,86;4590,31;;;;;;;;
12/5/23;11,45;0;0;4623,59;4635,04;;;;;;;;
12/6/23;11,45;0;0;4646,13;4657,58;;;;;;;;
12/7/23;11,45;0;0;4645,52;4656,97;;;;;;;;
12/8/23;11,45;0;0;4621,04;4632,49;;;;;;;;
12/9/23;11,45;0;0;4621,04;4632,49;;;;;;;;
12/10/23;11,45;0;0;4621,04;4632,49;;;;;;;;
12/11/23;11,45;0;0;4627,64;4639,09;;;;;;;;
12/12/23;11,25;0;0;4873,4;4884,65;;;;;;;;
12/13/23;11,25;0;0;4891,14;4902,39;;;;;;;;
12/14/23;12,72;0;0;4998,91;5011,63;;;;;;;;
12/15/23;12,72;0;0;5013,31;5026,03;;;;;;;;
12/16/23;12,72;0;0;5013,31;5026,03;;;;;;;;
12/17/23;12,72;0;0;5013,31;5026,03;;;;;;;;
12/18/23;12,72;0;0;4997,02;5009,74;;;;;;;;
12/19/23;12,72;0;0;5026,24;5038,96;;;;;;;;
12/20/23;12,72;0;0;5050,9;5063,62;;;;;;;;
12/21/23;12,72;0;0;5043,1;5055,82;;;;;;;;
12/22/23;1512,72;0;0;5055,41;6568,13;;;;;;;;
12/23/23;1512,72;0;0;5055,41;6568,13;;;;;;;;
12/24/23;1512,72;0;0;5055,41;6568,13;;;;;;;;
12/25/23;1512,72;0;0;5055,41;6568,13;;;;;;;;
12/26/23;1512,72;0;0;5055,41;6568,13;;;;;;;;
12/27/23;1848,62;0;0;4741,73;6590,35;;;;;;;;
12/28/23;581,82;0;0;5994,79;6576,61;;;;;;;;
12/29/23;18,19;0;0;6519,89;6538,08;;;;;;;;
12/30/23;18,19;0;0;6519,89;6538,08;;;;;;;;
12/31/23;18,19;0;0;6519,89;6538,08;;;;;;;;
1/1/24;18,19;0;0;6519,89;6538,08;;;;;;;;
1/2/24;18,19;0;0;6497,92;6516,11;;;;;;;;
1/3/24;18,19;0;0;6482,76;6500,95;;;;;;;;
1/4/24;18,19;0;0;6465,5;6483,69;;;;;;;;
1/5/24;18,19;0;0;6445,85;6464,04;;;;;;;;
1/6/24;18,19;0;0;6445,85;6464,04;;;;;;;;
1/7/24;18,19;0;0;6445,85;6464,04;;;;;;;;
1/8/24;18,19;0;0;6451,05;6469,24;;;;;;;;
1/9/24;14,49;0;0;6427,86;6442,35;;;;;;;;
1/10/24;14,49;0;0;6433,66;6448,15;;;;;;;;
1/11/24;14,49;0;0;6416,09;6430,58;;;;;;;;
1/12/24;14,49;0;0;6464,46;6478,95;;;;;;;;
1/13/24;14,49;0;0;6464,46;6478,95;;;;;;;;
1/14/24;14,49;0;0;6464,46;6478,95;;;;;;;;
1/15/24;14,49;0;0;6438,87;6453,36;;;;;;;;
1/16/24;14,49;0;0;6420,91;6435,4;;;;;;;;
1/17/24;14,49;0;0;6362,45;6376,94;;;;;;;;
1/18/24;14,49;0;0;6359,51;6374;;;;;;;;
1/19/24;21,37;0;0;6347,99;6369,36;;;;;;;;
1/20/24;21,37;0;0;6347,99;6369,36;;;;;;;;
1/21/24;21,37;0;0;6347,99;6369,36;;;;;;;;
1/22/24;21,37;0;0;6382,33;6403,7;;;;;;;;
1/23/24;21,37;0;0;6350,49;6371,86;;;;;;;;
1/24/24;566,93;0;0;7847,66;8414,59;;;;;;;;
1/25/24;62,93;0;0;8372,59;8435,52;;;;;;;;
1/26/24;62,93;0;0;8390,15;8453,08;;;;;;;;
1/27/24;62,93;0;0;8390,15;8453,08;;;;;;;;
1/28/24;62,93;0;0;8390,15;8453,08;;;;;;;;
1/29/24;62,93;0;0;8434,05;8496,98;;;;;;;;
1/30/24;62,93;0;0;8417,19;8480,12;;;;;;;;
1/31/24;62,93;0;0;8473,66;8536,59;;;;;;;;
2/1/24;62,93;0;0;8427,68;8490,61;;;;;;;;
2/2/24;62,93;0;0;8389,28;8452,21;;;;;;;;
2/3/24;62,93;0;0;8389,28;8452,21;;;;;;;;
2/4/24;62,93;0;0;8389,28;8452,21;;;;;;;;
2/5/24;62,93;0;0;8344,48;8407,41;;;;;;;;
2/6/24;62,93;0;0;8354,05;8416,98;;;;;;;;
2/7/24;62,93;0;0;8354,2;8417,13;;;;;;;;
2/8/24;62,93;0;0;8340,26;8403,19;;;;;;;;
2/9/24;62,93;0;0;8303,58;8366,51;;;;;;;;
2/10/24;62,93;0;0;8303,58;8366,51;;;;;;;;
2/11/24;62,93;0;0;8303,58;8366,51;;;;;;;;
2/12/24;62,93;0;0;8368,29;8431,22;;;;;;;;
2/13/24;62,93;0;0;8281,44;8344,37;;;;;;;;
2/14/24;62,93;0;0;8308,65;8371,58;;;;;;;;
2/15/24;62,93;0;0;8366,76;8429,69;;;;;;;;
2/16/24;62,93;0;0;8369,15;8432,08;;;;;;;;
2/17/24;62,93;0;0;8369,15;8432,08;;;;;;;;
2/18/24;62,93;0;0;8369,15;8432,08;;;;;;;;
2/19/24;62,93;0;0;8363,17;8426,1;;;;;;;;
2/20/24;62,93;0;0;8355,57;8418,5;;;;;;;;
2/21/24;62,93;0;0;8317,32;8380,25;;;;;;;;
2/22/24;62,93;0;0;8353,06;8415,99;;;;;;;;
2/23/24;62,93;0;0;8368,38;8431,31;;;;;;;;
2/24/24;62,93;0;0;8368,38;8431,31;;;;;;;;
2/25/24;62,93;0;0;8368,38;8431,31;;;;;;;;
2/26/24;62,93;0;0;8341,08;8404,01;;;;;;;;
2/27/24;62,93;0;0;8344,85;8407,78;;;;;;;;
2/28/24;562,93;0;0;8303,98;8866,91;;;;;;;;
2/29/24;562,93;0;0;8333,89;8896,82;;;;;;;;
3/1/24;562,93;0;0;8370,17;8933,1;;;;;;;;
3/2/24;562,93;0;0;8370,17;8933,1;;;;;;;;
3/3/24;562,93;0;0;8370,17;8933,1;;;;;;;;
3/4/24;562,93;0;0;8356,47;8919,4;;;;;;;;
3/5/24;562,93;0;0;8359,56;8922,49;;;;;;;;
3/6/24;562,93;0;0;8374,76;8937,69;;;;;;;;
3/7/24;562,93;0;0;8428,55;8991,48;;;;;;;;
3/8/24;562,93;0;0;8477,38;9040,31;;;;;;;;
3/9/24;562,93;0;0;8477,38;9040,31;;;;;;;;
3/10/24;562,93;0;0;8477,38;9040,31;;;;;;;;
3/11/24;562,93;0;0;8474,71;9037,64;;;;;;;;
3/12/24;562,93;0;0;8474,59;9037,52;;;;;;;;
3/13/24;563,13;0;0;8467,01;9030,14;;;;;;;;
3/14/24;563,13;0;0;8425,07;8988,2;;;;;;;;
3/15/24;24,03;0;0;8906,95;8930,98;;;;;;;;
3/16/24;24,03;0;0;8906,95;8930,98;;;;;;;;
3/17/24;24,03;0;0;8906,95;8930,98;;;;;;;;
3/18/24;24,03;0;0;8938,52;8962,55;;;;;;;;
3/19/24;24,03;0;0;8931,93;8955,96;;;;;;;;
3/20/24;24,03;0;0;8927,02;8951,05;;;;;;;;
3/21/24;1224,84;0;0;7801,62;9026,46;;;;;;;;
3/22/24;1224,84;0;0;7812,18;9037,02;;;;;;;;
3/23/24;1224,84;0;0;7812,18;9037,02;;;;;;;;
3/24/24;1224,84;0;0;7812,18;9037,02;;;;;;;;
3/25/24;1224,84;0;0;7856,01;9080,85;;;;;;;;
3/26/24;1224,84;0;0;7875,65;9100,49;;;;;;;;
3/27/24;1224,84;0;0;7896,78;9121,62;;;;;;;;
3/28/24;1791,07;0;0;7345,19;9136,26;;;;;;;;
3/29/24;1791,07;0;0;7345,19;9136,26;;;;;;;;
3/30/24;1791,07;0;0;7345,19;9136,26;;;;;;;;
3/31/24;1791,07;0;0;7345,19;9136,26;;;;;;;;
4/1/24;1791,07;0;0;7345,19;9136,26;;;;;;;;
4/2/24;1322,34;0;0;7736,94;9059,28;;;;;;;;
4/3/24;1318,96;0;0;7728,65;9047,61;;;;;;;;
4/4/24;1318,96;0;0;7757,45;9076,41;;;;;;;;
4/5/24;2131,14;0;0;6898,77;9029,91;;;;;;;;
4/6/24;2131,14;0;0;6898,77;9029,91;;;;;;;;
4/7/24;2131,14;0;0;6898,77;9029,91;;;;;;;;
4/8/24;2131,14;0;0;6913,84;9044,98;;;;;;;;
4/9/24;2131,14;0;0;6922,06;9053,2;;;;;;;;
4/10/24;2131,14;0;0;6877,35;9008,49;;;;;;;;
4/11/24;2131,14;0;0;6855,49;8986,63;;;;;;;;
4/12/24;2131,14;0;0;6903,34;9034,48;;;;;;;;
4/13/24;2131,14;0;0;6903,34;9034,48;;;;;;;;
4/14/24;2131,14;0;0;6903,34;9034,48;;;;;;;;
4/15/24;524,3;0;0;8484,67;9008,97;;;;;;;;
4/16/24;524,3;0;0;8379,31;8903,61;;;;;;;;
4/17/24;524,3;0;0;8348,67;8872,97;;;;;;;;
4/18/24;524,3;0;0;8430,16;8954,46;;;;;;;;
4/19/24;524,3;0;0;8444,44;8968,74;;;;;;;;
4/20/24;524,3;0;0;8444,44;8968,74;;;;;;;;
4/21/24;524,3;0;0;8444,44;8968,74;;;;;;;;
4/22/24;524,3;0;0;8499,43;9023,73;;;;;;;;
4/23/24;524,3;0;0;8532,92;9057,22;;;;;;;;
4/24/24;524,3;0;0;8445,62;8969,92;;;;;;;;
4/25/24;42,8;0;0;8862,22;8905,02;;;;;;;;
4/26/24;42,8;0;0;8940,3;8983,1;;;;;;;;
4/27/24;42,8;0;0;8940,3;8983,1;;;;;;;;
4/28/24;42,8;0;0;8940,3;8983,1;;;;;;;;
4/29/24;692,8;0;0;8976,14;9668,94;;;;;;;;
4/30/24;692,8;0;0;8925,96;9618,76;;;;;;;;
5/1/24;692,8;0;0;8925,96;9618,76;;;;;;;;
5/2/24;229,93;0;0;9404,26;9634,19;;;;;;;;
5/3/24;229,93;0;0;9487,23;9717,16;;;;;;;;
5/4/24;229,93;0;0;9487,23;9717,16;;;;;;;;
5/5/24;229,93;0;0;9487,23;9717,16;;;;;;;;
5/6/24;239,93;0;0;9536,16;9776,09;;;;;;;;
5/7/24;239,93;0;0;9593,02;9832,95;;;;;;;;
5/8/24;239,93;0;0;9541,34;9781,27;;;;;;;;
5/9/24;239,93;0;0;9535,31;9775,24;;;;;;;;
5/10/24;239,93;0;0;9515,44;9755,37;;;;;;;;
5/11/24;239,93;0;0;9515,44;9755,37;;;;;;;;
5/12/24;239,93;0;0;9515,44;9755,37;;;;;;;;
5/13/24;239,93;0;0;9547,96;9787,89;;;;;;;;
5/14/24;879,93;0;0;9526,77;10406,7;;;;;;;;
5/15/24;259,67;0;0;10318,34;10578,01;;;;;;;;
5/16/24;259,67;0;0;10331,66;10591,33;;;;;;;;
5/17/24;259,67;0;0;10313,14;10572,81;;;;;;;;
5/18/24;259,67;0;0;10313,14;10572,81;;;;;;;;
5/19/24;259,67;0;0;10313,14;10572,81;;;;;;;;
5/20/24;259,67;0;0;10308,19;10567,86;;;;;;;;
5/21/24;259,67;0;0;10344,35;10604,02;;;;;;;;
5/22/24;259,67;0;0;10361,22;10620,89;;;;;;;;
5/23/24;259,67;0;0;10298,32;10557,99;;;;;;;;
5/24/24;259,67;0;0;10252,04;10511,71;;;;;;;;
5/25/24;259,67;0;0;10252,04;10511,71;;;;;;;;
5/26/24;259,67;0;0;10252,04;10511,71;;;;;;;;
5/27/24;259,67;0;0;10306,94;10566,61;;;;;;;;
5/28/24;759,67;0;0;10262,86;11022,53;;;;;;;;
5/29/24;759,67;0;0;10175,76;10935,43;;;;;;;;
5/30/24;759,67;0;0;10231,18;10990,85;;;;;;;;
5/31/24;759,67;0;0;10225,02;10984,69;;;;;;;;
6/1/24;759,67;0;0;10225,02;10984,69;;;;;;;;
6/2/24;759,67;0;0;10225,02;10984,69;;;;;;;;
6/3/24;143,53;0;0;10933,55;11077,08;;;;;;;;
6/4/24;143,53;0;0;10955,91;11099,44;;;;;;;;
6/5/24;143,53;0;0;11031,78;11175,31;;;;;;;;
6/6/24;143,53;0;0;11010,65;11154,18;;;;;;;;
6/7/24;143,53;0;0;10928,04;11071,57;;;;;;;;
6/8/24;143,53;0;0;10928,04;11071,57;;;;;;;;
6/9/24;143,53;0;0;10928,04;11071,57;;;;;;;;
6/10/24;143,53;0;0;10890,69;11034,22;;;;;;;;
6/11/24;143,53;0;0;10799,74;10943,27;;;;;;;;
6/12/24;176,76;0;0;10934,56;11111,32;;;;;;;;
6/13/24;176,76;0;0;10821,79;10998,55;;;;;;;;
6/14/24;776,76;0;0;10833,76;11610,52;;;;;;;;
6/15/24;776,76;0;0;10833,76;11610,52;;;;;;;;
6/16/24;776,76;0;0;10833,76;11610,52;;;;;;;;
6/17/24;166,85;0;0;11391,98;11558,83;;;;;;;;
6/18/24;166,85;0;0;11425,53;11592,38;;;;;;;;
6/19/24;166,85;0;0;11402,88;11569,73;;;;;;;;
6/20/24;166,85;0;0;11447,63;11614,48;;;;;;;;
6/21/24;166,85;0;0;11412,91;11579,76;;;;;;;;
6/22/24;166,85;0;0;11412,91;11579,76;;;;;;;;
6/23/24;166,85;0;0;11412,91;11579,76;;;;;;;;
6/24/24;166,85;0;0;11395,65;11562,5;;;;;;;;
6/25/24;166,85;0;0;11386,65;11553,5;;;;;;;;
6/26/24;166,85;0;0;11340,98;11507,83;;;;;;;;
6/27/24;166,85;0;0;11358,4;11525,25;;;;;;;;
6/28/24;766,85;0;0;11361,72;12128,57;;;;;;;;
6/29/24;766,85;0;0;11361,72;12128,57;;;;;;;;
6/30/24;766,85;0;0;11361,72;12128,57;;;;;;;;
7/1/24;153,83;0;0;11958,32;12112,15;;;;;;;;
7/2/24;153,83;0;0;11954,09;12107,92;;;;;;;;
7/3/24;153,83;0;0;11987,32;12141,15;;;;;;;;
7/4/24;38,33;0;0;12058,29;12096,62;;;;;;;;
7/5/24;38,33;0;0;12073,18;12111,51;;;;;;;;
7/6/24;38,33;0;0;12073,18;12111,51;;;;;;;;
7/7/24;38,33;0;0;12073,18;12111,51;;;;;;;;
7/8/24;38,33;0;0;12068,67;12107;;;;;;;;
7/9/24;38,33;0;0;12082,31;12120,64;;;;;;;;
7/10/24;38,33;0;0;12180,81;12219,14;;;;;;;;
7/11/24;38,33;0;0;12232,05;12270,38;;;;;;;;
7/12/24;2638,33;0;0;12246,64;14884,97;;;;;;;;
7/13/24;2638,33;0;0;12246,64;14884,97;;;;;;;;
7/14/24;2638,33;0;0;12246,64;14884,97;;;;;;;;
7/15/24;252,11;0;0;14768,11;15020,22;;;;;;;;
7/16/24;252,11;0;0;14819,31;15071,42;;;;;;;;
7/17/24;252,11;0;0;14785,9;15038,01;;;;;;;;
7/18/24;252,11;0;0;14695,19;14947,3;;;;;;;;
7/19/24;252,11;0;0;14712,41;14964,52;;;;;;;;
7/20/24;252,11;0;0;14712,41;14964,52;;;;;;;;
7/21/24;252,11;0;0;14712,41;14964,52;;;;;;;;
7/22/24;252,11;0;0;14776,83;15028,94;;;;;;;;
7/23/24;252,11;0;0;14794,51;15046,62;;;;;;;;
7/24/24;252,11;0;0;14720,45;14972,56;;;;;;;;
7/25/24;252,11;0;0;14646,01;14898,12;;;;;;;;
7/26/24;252,11;0;0;14751,07;15003,18;;;;;;;;
7/27/24;252,11;0;0;14751,07;15003,18;;;;;;;;
7/28/24;252,11;0;0;14751,07;15003,18;;;;;;;;
7/29/24;252,11;0;0;14795,75;15047,86;;;;;;;;
7/30/24;3122,11;0;0;18449,39;21571,5;;;;;;;;
7/31/24;3122,11;0;0;18580,75;21702,86;;;;;;;;
8/1/24;642,15;0;0;20874,1;21516,25;;;;;;;;
8/2/24;29,15;0;0;20638,21;20667,36;;;;;;;;
8/3/24;29,15;0;0;20638,21;20667,36;;;;;;;;
8/4/24;29,15;0;0;20638,21;20667,36;;;;;;;;
8/5/24;26,6;0;0;20087,19;20113,79;;;;;;;;
8/6/24;26,6;0;0;20156,22;20182,82;;;;;;;;
8/7/24;26,6;0;0;20355,77;20382,37;;;;;;;;
8/8/24;26,6;0;0;20461,49;20488,09;;;;;;;;
8/9/24;26,6;0;0;20559,47;20586,07;;;;;;;;
8/10/24;26,6;0;0;20559,47;20586,07;;;;;;;;
8/11/24;26,6;0;0;20559,47;20586,07;;;;;;;;
8/12/24;1226,6;0;0;20506,53;21733,13;;;;;;;;
8/13/24;1226,6;0;0;20644,49;21871,09;;;;;;;;
8/14/24;1226,6;0;0;20622,11;21848,71;;;;;;;;
8/15/24;1226,6;0;0;20648,07;21874,67;;;;;;;;
8/16/24;62,42;0;0;21932,18;21994,6;;;;;;;;
8/17/24;62,42;0;0;21932,18;21994,6;;;;;;;;
8/18/24;62,42;0;0;21932,18;21994,6;;;;;;;;
8/19/24;62,42;0;0;22090,92;22153,34;;;;;;;;
8/20/24;62,42;0;0;22043,63;22106,05;;;;;;;;
8/21/24;62,42;0;0;22083,99;22146,41;;;;;;;;
8/22/24;62,42;0;0;22056,48;22118,9;;;;;;;;
8/23/24;62,42;0;0;22133,7;22196,12;;;;;;;;
8/24/24;62,42;0;0;22133,7;22196,12;;;;;;;;
8/25/24;62,42;0;0;22133,7;22196,12;;;;;;;;
8/26/24;62,42;0;0;22176,21;22238,63;;;;;;;;
8/27/24;62,42;0;0;22083,99;22146,41;;;;;;;;
8/28/24;62,42;0;0;21956,91;22019,33;;;;;;;;
8/29/24;12562,42;0;0;22188,98;34751,4;;;;;;;;
8/30/24;12562,42;0;0;22233,58;34796;;;;;;;;
8/31/24;12562,42;0;0;22233,58;34796;;;;;;;;
9/1/24;12562,42;0;0;22233,58;34796;;;;;;;;
9/2/24;4316,53;0;0;31033,39;35349,92;;;;;;;;
9/3/24;4316,53;0;0;30837,16;35153,69;;;;;;;;
9/4/24;3302,4;0;0;31730,64;35033,04;;;;;;;;
9/5/24;3302,4;0;0;31617,39;34919,79;;;;;;;;
9/6/24;1734,57;0;0;32933,45;34668,02;;;;;;;;
9/7/24;1734,57;0;0;32933,45;34668,02;;;;;;;;
9/8/24;1734,57;0;0;32933,45;34668,02;;;;;;;;
9/9/24;1734,57;0;0;33151,83;34886,4;;;;;;;;
9/10/24;1734,57;0;0;33234,56;34969,13;;;;;;;;
9/11/24;1734,57;0;0;33170,83;34905,4;;;;;;;;
9/12/24;1734,57;0;0;33393,24;35127,81;;;;;;;;
9/13/24;1734,57;0;0;33602,65;35337,22;;;;;;;;
9/14/24;1734,57;0;0;33602,65;35337,22;;;;;;;;
9/15/24;1734,57;0;0;33602,65;35337,22;;;;;;;;
9/16/24;1462,01;0;0;34438,26;35900,27;;;;;;;;
9/17/24;1462,01;0;0;34824,23;36286,24;;;;;;;;
9/18/24;1462,01;0;0;34496,39;35958,4;;;;;;;;
9/19/24;1462,01;0;0;34860,35;36322,36;;;;;;;;
9/20/24;2611,71;0;0;33518,36;36130,07;;;;;;;;
9/21/24;2611,71;0;0;33518,36;36130,07;;;;;;;;
9/22/24;2611,71;0;0;33518,36;36130,07;;;;;;;;
9/23/24;196,24;0;0;36213,25;36409,49;;;;;;;;
9/24/24;685,08;0;0;36333,35;37018,43;;;;;;;;
9/25/24;656,36;0;0;36305,42;36961,78;;;;;;;;
9/26/24;656,36;0;0;36464,43;37120,79;;;;;;;;
9/27/24;656,36;0;0;36650,38;37306,74;;;;;;;;
9/28/24;656,36;0;0;36650,38;37306,74;;;;;;;;
9/29/24;656,36;0;0;36650,38;37306,74;;;;;;;;
9/30/24;656,36;0;0;36504,82;37161,18;;;;;;;;
10/1/24;1533,85;0;0;37218,15;38752;;;;;;;;
10/2/24;782,75;0;0;37995,09;38777,84;;;;;;;;
10/3/24;887,56;0;0;37622,3;38509,86;;;;;;;;
10/4/24;887,56;0;0;37778,28;38665,84;;;;;;;;
10/5/24;887,56;0;0;37778,28;38665,84;;;;;;;;
10/6/24;887,56;0;0;37778,28;38665,84;;;;;;;;
10/7/24;887,56;0;0;37723,02;38610,58;;;;;;;;
10/8/24;331,62;0;0;38179,38;38511;;;;;;;;
10/9/24;331,62;0;0;38401,3;38732,92;;;;;;;;
10/10/24;331,62;0;0;38417,7;38749,32;;;;;;;;
10/11/24;331,62;0;0;38583,81;38915,43;;;;;;;;
10/12/24;331,62;0;0;38583,81;38915,43;;;;;;;;
10/13/24;331,62;0;0;38583,81;38915,43;;;;;;;;
10/14/24;331,62;0;0;38744,2;39075,82;;;;;;;;
10/15/24;42,97;0;0;39091,37;39134,34;;;;;;;;
10/16/24;42,97;0;0;39134,22;39177,19;;;;;;;;
10/17/24;42,97;0;0;39232,36;39275,33;;;;;;;;
10/18/24;42,97;0;0;39278,13;39321,1;;;;;;;;
10/19/24;42,97;0;0;39278,13;39321,1;;;;;;;;
10/20/24;42,97;0;0;39278,13;39321,1;;;;;;;;
10/21/24;42,97;0;0;38909,5;38952,47;;;;;;;;
10/22/24;42,97;0;0;38854,28;38897,25;;;;;;;;
10/23/24;42,97;0;0;38722,03;38765;;;;;;;;
10/24/24;42,97;0;0;38788,13;38831,1;;;;;;;;
10/25/24;42,97;0;0;38899,69;38942,66;;;;;;;;
10/26/24;42,97;0;0;38899,69;38942,66;;;;;;;;
10/27/24;42,97;0;0;38899,69;38942,66;;;;;;;;
10/28/24;42,97;0;0;38979,05;39022,02;;;;;;;;
10/29/24;42,97;0;0;38896;38938,97;;;;;;;;
10/30/24;42,97;0;0;38623,54;38666,51;;;;;;;;
10/31/24;42,97;0;0;38226,57;38269,54;;;;;;;;
11/1/24;49,24;0;0;38731,22;38780,46;;;;;;;;
11/2/24;49,24;0;0;38731,22;38780,46;;;;;;;;
11/3/24;49,24;0;0;38731,22;38780,46;;;;;;;;
11/4/24;49,24;0;0;38551,74;38600,98;;;;;;;;
11/5/24;49,24;0;0;38734,46;38783,7;;;;;;;;
11/6/24;2780,26;0;0;36576,14;39356,4;;;;;;;;
11/7/24;80,26;0;0;36849,68;36929,94;;;;;;;;
11/8/24;80,26;0;0;36991,81;37072,07;;;;;;;;
11/9/24;80,26;0;0;36991,81;37072,07;;;;;;;;
11/10/24;80,26;0;0;36991,81;37072,07;;;;;;;;
11/11/24;80,26;0;0;37276,08;37356,34;;;;;;;;
11/12/24;1086,73;0;0;35947,23;37033,96;;;;;;;;
11/13/24;136,73;0;0;36044,39;36181,12;;;;;;;;
11/14/24;136,73;0;0;36158,07;36294,8;;;;;;;;
11/15/24;59,12;0;0;35890,7;35949,82;;;;;;;;
11/16/24;59,12;0;0;35890,7;35949,82;;;;;;;;
11/17/24;59,12;0;0;35890,7;35949,82;;;;;;;;
11/18/24;59,12;0;0;35891,71;35950,83;;;;;;;;
11/19/24;59,12;0;0;35838,79;35897,91;;;;;;;;
11/20/24;59,12;0;0;35836,16;35895,28;;;;;;;;
11/21/24;59,12;0;0;36255,43;36314,55;;;;;;;;
11/22/24;59,12;0;0;36699,22;36758,34;;;;;;;;
11/23/24;59,12;0;0;36699,22;36758,34;;;;;;;;
11/24/24;59,12;0;0;36699,22;36758,34;;;;;;;;
11/25/24;238,13;0;0;36613,24;36851,37;;;;;;;;
11/26/24;563,13;0;0;36352,21;36915,34;;;;;;;;
11/27/24;436,17;0;0;36220,49;36656,66;;;;;;;;
11/28/24;436,17;0;0;36422,66;36858,83;;;;;;;;
11/29/24;436,17;0;0;36611,93;37048,1;;;;;;;;
11/30/24;436,17;0;0;36611,93;37048,1;;;;;;;;
12/1/24;436,17;0;0;36611,93;37048,1;;;;;;;;
12/2/24;90,64;0;0;37557,51;37648,15;;;;;;;;
12/3/24;90,64;0;0;37271,68;37362,32;;;;;;;;
12/4/24;90,64;0;0;37196;37286,64;;;;;;;;
12/5/24;90,64;0;0;37039,43;37130,07;;;;;;;;
12/6/24;90,64;0;0;37013,86;37104,5;;;;;;;;
12/7/24;90,64;0;0;37013,86;37104,5;;;;;;;;
12/8/24;90,64;0;0;37013,86;37104,5;;;;;;;;
12/9/24;90,64;0;0;36996,78;37087,42;;;;;;;;
12/10/24;490,64;0;0;36916,43;37407,07;;;;;;;;
12/11/24;490,64;0;0;36912,89;37403,53;;;;;;;;
12/12/24;490,64;0;0;36895,73;37386,37;;;;;;;;
12/13/24;490,64;0;0;36600,28;37090,92;;;;;;;;
12/14/24;490,64;0;0;36600,28;37090,92;;;;;;;;
12/15/24;490,64;0;0;36600,28;37090,92;;;;;;;;
12/16/24;113,85;0;0;37007,42;37121,27;;;;;;;;
12/17/24;113,85;0;0;36905,3;37019,15;;;;;;;;
12/18/24;113,85;0;0;36913,4;37027,25;;;;;;;;
12/19/24;221;0;0;36250,44;36471,44;;;;;;;;
12/20/24;221;0;0;36327,56;36548,56;;;;;;;;
12/21/24;221;0;0;36327,56;36548,56;;;;;;;;
12/22/24;221;0;0;36327,56;36548,56;;;;;;;;
12/23/24;221;0;0;36332,22;36553,22;;;;;;;;
12/24/24;221;0;0;36332,22;36553,22;;;;;;;;
12/25/24;221;0;0;36368,8;36589,8;;;;;;;;
12/26/24;221;0;0;36332,22;36553,22;;;;;;;;
12/27/24;221;0;0;36517,41;36738,41;;;;;;;;
12/28/24;221;0;0;36517,41;36738,41;;;;;;;;
12/29/24;221;0;0;36517,41;36738,41;;;;;;;;
12/30/24;221;0;0;36368,03;36589,03;;;;;;;;
12/31/24;221;0;0;36368,03;36589,03;;;;;;;;
1/1/25;221;0;0;36400,89;36621,89;;;;;;;;
1/2/25;221;0;0;36978,65;37199,65;;;;;;;;
1/3/25;221;0;0;36816,95;37037,95;;;;;;;;
1/4/25;221;0;0;36816,95;37037,95;;;;;;;;
1/5/25;221;0;0;36816,95;37037,95;;;;;;;;
1/6/25;621;0;0;36927,72;37548,72;;;;;;;;
1/7/25;621;0;0;36763,83;37384,83;;;;;;;;
1/8/25;125,91;0;0;37187,88;37313,79;;;;;;;;
1/9/25;125,91;0;0;37140,89;37266,8;;;;;;;;
1/10/25;53,21;0;0;36796,21;36849,42;;;;;;;;
1/11/25;53,21;0;0;36796,21;36849,42;;;;;;;;
1/12/25;53,21;0;0;36796,21;36849,42;;;;;;;;
1/13/25;53,21;0;0;36712,76;36765,97;;;;;;;;
1/14/25;53,21;0;0;36694,9;36748,11;;;;;;;;
1/15/25;53,21;0;0;37117,45;37170,66;;;;;;;;
1/16/25;53,21;0;0;37227,13;37280,34;;;;;;;;
1/17/25;53,21;0;0;37628,58;37681,79;;;;;;;;
1/18/25;53,21;0;0;37628,58;37681,79;;;;;;;;
1/19/25;53,21;0;0;37628,58;37681,79;;;;;;;;
1/20/25;53,21;0;0;37629,4;37682,61;;;;;;;;
1/21/25;53,21;0;0;37623,72;37676,93;;;;;;;;
1/22/25;1116,6;0;0;36601,6;37718,2;;;;;;;;
1/23/25;1116,6;0;0;36572;37688,6;;;;;;;;
1/24/25;1116,6;0;0;36414,93;37531,53;;;;;;;;
1/25/25;1116,6;0;0;36414,93;37531,53;;;;;;;;
1/26/25;1116,6;0;0;36414,93;37531,53;;;;;;;;
1/27/25;1116,6;0;0;36239,85;37356,45;;;;;;;;
1/28/25;1616,6;0;0;36296,43;37913,03;;;;;;;;
1/29/25;1816,6;0;0;36423,91;38240,51;;;;;;;;
1/30/25;1816,6;0;0;36630,22;38446,82;;;;;;;;
1/31/25;1816,6;0;0;36838,88;38655,48;;;;;;;;
2/1/25;1816,6;0;0;36838,88;38655,48;;;;;;;;
2/2/25;1816,6;0;0;36838,88;38655,48;;;;;;;;
2/3/25;1362,55;0;0;37391,51;38754,06;;;;;;;;
2/4/25;1362,55;0;0;37331,48;38694,03;;;;;;;;
2/5/25;1362,55;0;0;37444,58;38807,13;;;;;;;;
2/6/25;1362,55;0;0;37613,99;38976,54;;;;;;;;
2/7/25;1362,55;0;0;37488,7;38851,25;;;;;;;;
2/8/25;1362,55;0;0;37488,7;38851,25;;;;;;;;
2/9/25;1362,55;0;0;37488,7;38851,25;;;;;;;;
2/10/25;1362,55;0;0;37751,42;39113,97;;;;;;;;
2/11/25;1362,55;0;0;37926,15;39288,7;;;;;;;;
2/12/25;1362,55;0;0;37565,34;38927,89;;;;;;;;
2/13/25;1362,55;0;0;38114,41;39476,96;;;;;;;;
2/14/25;1362,55;0;0;37924,76;39287,31;;;;;;;;
2/15/25;1362,55;0;0;37924,76;39287,31;;;;;;;;
2/16/25;1362,55;0;0;37924,76;39287,31;;;;;;;;
2/17/25;138,97;0;0;39500,32;39639,29;;;;;;;;
2/18/25;3489,29;0;0;36353,83;39843,12;;;;;;;;
2/19/25;3489,29;0;0;36305,77;39795,06;;;;;;;;
2/20/25;3714,51;0;0;36209,27;39923,78;;;;;;;;
2/21/25;1096,74;0;0;38918,13;40014,87;;;;;;;;
2/22/25;1096,74;0;0;38918,13;40014,87;;;;;;;;
2/23/25;1096,74;0;0;38918,13;40014,87;;;;;;;;
2/24/25;18,78;0;0;39689,89;39708,67;;;;;;;;
2/25/25;18,78;0;0;39493,03;39511,81;;;;;;;;
2/26/25;18,78;0;0;39773,66;39792,44;;;;;;;;
2/27/25;18,78;0;0;39805;39823,78;;;;;;;;
2/28/25;618,78;0;0;39465,54;40084,32;;;;;;;;
3/1/25;618,78;0;0;39465,54;40084,32;;;;;;;;
3/2/25;618,78;0;0;39465,54;40084,32;;;;;;;;
3/3/25;47,85;0;0;40291,52;40339,37;;;;;;;;
3/4/25;127,76;0;0;39465,41;39593,17;;;;;;;;
3/5/25;73,18;0;0;39062,1;39135,28;;;;;;;;
3/6/25;167,91;0;0;39102,87;39270,78;;;;;;;;
3/7/25;467,91;0;0;38950,02;39417,93;;;;;;;;
3/8/25;467,91;0;0;38950,02;39417,93;;;;;;;;
3/9/25;467,91;0;0;38950,02;39417,93;;;;;;;;
3/10/25;60,09;0;0;39224,52;39284,61;;;;;;;;
3/11/25;60,09;0;0;38469,39;38529,48;;;;;;;;
3/12/25;60,09;0;0;38675,99;38736,08;;;;;;;;
3/13/25;60,09;0;0;38644,32;38704,41;;;;;;;;
3/14/25;60,09;0;0;38926,17;38986,26;;;;;;;;
3/15/25;60,09;0;0;38926,17;38986,26;;;;;;;;
3/16/25;60,09;0;0;38926,17;38986,26;;;;;;;;
3/17/25;60,09;0;0;39240,58;39300,67;;;;;;;;
3/18/25;60,09;0;0;39257,91;39318;;;;;;;;
3/19/25;60,09;0;0;39457,29;39517,38;;;;;;;;
3/20/25;60,09;0;0;39480,95;39541,04;;;;;;;;
3/21/25;60,09;0;0;39412,16;39472,25;;;;;;;;
3/22/25;60,09;0;0;39412,16;39472,25;;;;;;;;
3/23/25;60,09;0;0;39412,16;39472,25;;;;;;;;
3/24/25;10,42;0;0;39906,62;39917,04;;;;;;;;
3/25/25;10,42;0;0;39892,37;39902,79;;;;;;;;
3/26/25;10,42;0;0;39778,33;39788,75;;;;;;;;
3/27/25;10,42;0;0;39738,6;39749,02;;;;;;;;
3/28/25;10,42;0;0;39264,03;39274,45;;;;;;;;
3/29/25;10,42;0;0;39264,03;39274,45;;;;;;;;
3/30/25;10,42;0;0;39264,03;39274,45;;;;;;;;
3/31/25;1710,42;0;0;39065,73;40776,15;;;;;;;;
4/1/25;866,98;0;0;40217,11;41084,09;;;;;;;;
4/2/25;866,98;0;0;40015,08;40882,06;;;;;;;;
4/3/25;10,18;0;0;39796,84;39807,02;;;;;;;;
4/4/25;1749,09;0;0;36635,14;38384,23;;;;;;;;
4/5/25;1749,09;0;0;36635,14;38384,23;;;;;;;;
4/6/25;1749,09;0;0;36635,14;38384,23;;;;;;;;
4/7/25;1749,09;0;0;35591,98;37341,07;;;;;;;;
4/8/25;1025,27;0;0;37167,53;38192,8;;;;;;;;
4/9/25;1025,27;0;0;35587,08;36612,35;;;;;;;;
4/10/25;1025,27;0;0;36788,71;37813,98;;;;;;;;
4/11/25;1025,27;0;0;36504,67;37529,94;;;;;;;;
4/12/25;1025,27;0;0;36504,67;37529,94;;;;;;;;
4/13/25;1025,27;0;0;36504,67;37529,94;;;;;;;;
4/14/25;1025,27;0;0;37501,23;38526,5;;;;;;;;
4/15/25;91,22;0;0;38900,79;38992,01;;;;;;;;
4/16/25;91,22;0;0;38661,92;38753,14;;;;;;;;
4/17/25;91,22;0;0;38468,56;38559,78;;;;;;;;
4/18/25;91,22;0;0;38468,56;38559,78;;;;;;;;
4/19/25;91,22;0;0;38468,56;38559,78;;;;;;;;
4/20/25;91,22;0;0;38468,56;38559,78;;;;;;;;
4/21/25;91,22;0;0;38468,56;38559,78;;;;;;;;
4/22/25;91,22;0;0;38446,45;38537,67;;;;;;;;
4/23/25;29,95;0;0;39370,33;39400,28;;;;;;;;
4/24/25;29,95;0;0;39577,35;39607,3;;;;;;;;
4/25/25;29,95;0;0;39609,75;39639,7;;;;;;;;
4/26/25;29,95;0;0;39609,75;39639,7;;;;;;;;
4/27/25;29,95;0;0;39609,75;39639,7;;;;;;;;
4/28/25;29,95;0;0;39786,11;39816,06;;;;;;;;
4/29/25;29,95;0;0;39946,38;39976,33;;;;;;;;
4/30/25;29,95;0;0;40064,5;40094,45;;;;;;;;
5/1/25;29,95;0;0;40064,5;40094,45;;;;;;;;
5/2/25;745,59;0;0;41157,85;41903,44;;;;;;;;
5/3/25;745,59;0;0;41157,85;41903,44;;;;;;;;
5/4/25;745,59;0;0;41157,85;41903,44;;;;;;;;
5/5/25;745,59;0;0;41388,45;42134,04;;;;;;;;
5/6/25;745,59;0;0;41222,97;41968,56;;;;;;;;
5/7/25;745,59;0;0;41004,08;41749,67;;;;;;;;
5/8/25;745,59;0;0;41486,01;42231,6;;;;;;;;
5/9/25;745,59;0;0;41564,13;42309,72;;;;;;;;
5/10/25;745,59;0;0;41564,13;42309,72;;;;;;;;
5/11/25;745,59;0;0;41564,13;42309,72;;;;;;;;
5/12/25;745,59;0;0;42753,29;43498,88;;;;;;;;
5/13/25;745,59;0;0;42808,41;43554;;;;;;;;
5/14/25;895,59;0;0;42625,04;43520,63;;;;;;;;
5/15/25;57,79;0;0;43594,01;43651,8;;;;;;;;
5/16/25;57,79;0;0;43881,75;43939,54;;;;;;;;
5/17/25;57,79;0;0;43881,75;43939,54;;;;;;;;
5/18/25;57,79;0;0;43881,75;43939,54;;;;;;;;
5/19/25;57,79;0;0;43705,11;43762,9;;;;;;;;
5/20/25;57,79;0;0;43951,07;44008,86;;;;;;;;
5/21/25;57,79;0;0;43655,17;43712,96;;;;;;;;
5/22/25;57,79;0;0;43307,74;43365,53;;;;;;;;
5/23/25;28,49;0;0;43451,4;43479,89;;;;;;;;
5/24/25;28,49;0;0;43451,4;43479,89;;;;;;;;
5/25/25;28,49;0;0;43451,4;43479,89;;;;;;;;
5/26/25;28,49;0;0;43776,69;43805,18;;;;;;;;
5/27/25;28,49;0;0;44018,53;44047,02;;;;;;;;
5/28/25;28,49;0;0;44018,08;44046,57;;;;;;;;
5/29/25;28,49;0;0;43876,88;43905,37;;;;;;;;
5/30/25;28,49;0;0;43768,94;43797,43;;;;;;;;
5/31/25;28,49;0;0;43768,94;43797,43;;;;;;;;
6/1/25;28,49;0;0;43768,94;43797,43;;;;;;;;
6/2/25;752,18;0;0;44432,14;45184,32;;;;;;;;
6/3/25;752,18;0;0;44913,43;45665,61;;;;;;;;
6/4/25;752,18;0;0;44932,55;45684,73;;;;;;;;
6/5/25;752,18;0;0;44970,16;45722,34;;;;;;;;
6/6/25;752,18;0;0;45192,48;45944,66;;;;;;;;
6/7/25;752,18;0;0;45192,48;45944,66;;;;;;;;
6/8/25;752,18;0;0;45192,48;45944,66;;;;;;;;
6/9/25;37,14;0;0;46235,58;46272,72;;;;;;;;
6/10/25;37,14;0;0;46349,37;46386,51;;;;;;;;
6/11/25;37,14;0;0;46319,95;46357,09;;;;;;;;
6/12/25;37,14;0;0;45930,66;45967,8;;;;;;;;
6/13/25;37,14;0;0;45723,32;45760,46;;;;;;;;
6/14/25;37,14;0;0;45723,32;45760,46;;;;;;;;
6/15/25;37,14;0;0;45723,32;45760,46;;;;;;;;
6/16/25;37,14;0;0;45839,18;45876,32;;;;;;;;
6/17/25;37,14;0;0;45652,7;45689,84;;;;;;;;
6/18/25;37,14;0;0;45634,36;45671,5;;;;;;;;
6/19/25;37,14;0;0;45265,04;45302,18;;;;;;;;
6/20/25;37,14;0;0;45385,61;45422,75;;;;;;;;
6/21/25;37,14;0;0;45385,61;45422,75;;;;;;;;
6/22/25;37,14;0;0;45385,61;45422,75;;;;;;;;
6/23/25;68,41;0;0;45904,36;45972,77;;;;;;;;
6/24/25;68,41;0;0;46307,98;46376,39;;;;;;;;
6/25/25;68,41;0;0;46185,7;46254,11;;;;;;;;
6/26/25;68,41;0;0;46243,42;46311,83;;;;;;;;
6/27/25;68,41;0;0;46489,39;46557,8;;;;;;;;
6/28/25;68,41;0;0;46489,39;46557,8;;;;;;;;
6/29/25;68,41;0;0;46489,39;46557,8;;;;;;;;
6/30/25;68,41;0;0;46347,34;46415,75;;;;;;;;
7/1/25;1508,1;0;0;48601,25;50109,35;;;;;;;;
7/2/25;1508,1;0;0;48697,7;50205,8;;;;;;;;
7/3/25;1508,1;0;0;49053,5;50561,6;;;;;;;;
7/4/25;1508,1;0;0;48717,28;50225,38;;;;;;;;
7/5/25;1508,1;0;0;48717,28;50225,38;;;;;;;;
7/6/25;1508,1;0;0;48717,28;50225,38;;;;;;;;
7/7/25;1508,1;0;0;48803,42;50311,52;;;;;;;;
7/8/25;76,59;0;0;50363,38;50439,97;;;;;;;;
7/9/25;76,59;0;0;50499,3;50575,89;;;;;;;;
7/10/25;76,59;0;0;50875,03;50951,62;;;;;;;;
7/11/25;76,59;0;0;50531,28;50607,87;;;;;;;;
7/12/25;76,59;0;0;50531,28;50607,87;;;;;;;;
7/13/25;76,59;0;0;50531,28;50607,87;;;;;;;;
7/14/25;76,59;0;0;50530,04;50606,63;;;;;;;;
7/15/25;169,73;0;0;51686,14;51855,87;;;;;;;;
7/16/25;169,73;0;0;51114,01;51283,74;;;;;;;;
7/17/25;169,73;0;0;51941,52;52111,25;;;;;;;;
7/18/25;169,73;0;0;51728,03;51897,76;;;;;;;;
7/19/25;169,73;0;0;51728,03;51897,76;;;;;;;;
7/20/25;169,73;0;0;51728,03;51897,76;;;;;;;;
7/21/25;169,73;0;0;51760,12;51929,85;;;;;;;;
7/22/25;169,73;0;0;51638,47;51808,2;;;;;;;;
7/23/25;169,73;0;0;52188,1;52357,83;;;;;;;;
7/24/25;169,73;0;0;52068,9;52238,63;;;;;;;;
7/25/25;169,73;0;0;51968,14;52137,87;;;;;;;;
7/26/25;169,73;0;0;51968,14;52137,87;;;;;;;;
7/27/25;169,73;0;0;51968,14;52137,87;;;;;;;;
7/28/25;169,73;0;0;52270,22;52439,95;;;;;;;;
7/29/25;169,73;0;0;52468,69;52638,42;;;;;;;;
7/30/25;169,73;0;0;52595,25;52764,98;;;;;;;;
7/31/25;169,73;0;0;52558,5;52728,23;;;;;;;;
8/1/25;127,27;0;0;52962,59;53089,86;;;;;;;;
8/2/25;127,27;0;0;52962,59;53089,86;;;;;;;;
8/3/25;127,27;0;0;52962,59;53089,86;;;;;;;;
8/4/25;127,27;0;0;53599,78;53727,05;;;;;;;;
8/5/25;127,27;0;0;53626,44;53753,71;;;;;;;;
8/6/25;127,27;0;0;53571,93;53699,2;;;;;;;;
8/7/25;127,27;0;0;53719,55;53846,82;;;;;;;;
8/8/25;127,27;0;0;53880,83;54008,1;;;;;;;;
8/9/25;127,27;0;0;53880,83;54008,1;;;;;;;;
8/10/25;127,27;0;0;53880,83;54008,1;;;;;;;;
8/11/25;127,27;0;0;54066,8;54194,07;;;;;;;;
8/12/25;127,27;0;0;54140,54;54267,81;;;;;;;;
8/13/25;127,27;0;0;54435,48;54562,75;;;;;;;;
8/14/25;127,27;0;0;54540,32;54667,59;;;;;;;;
8/15/25;127,27;0;0;54511,3;54638,57;;;;;;;;
8/16/25;127,27;0;0;54511,3;54638,57;;;;;;;;
8/17/25;127,27;0;0;54511,3;54638,57;;;;;;;;
8/18/25;171,77;0;0;55611,78;55783,55;;;;;;;;
8/19/25;171,77;0;0;55674,04;55845,81;;;;;;;;
8/20/25;171,77;0;0;55521,33;55693,1;;;;;;;;
8/21/25;171,77;0;0;55668,5;55840,27;;;;;;;;
8/22/25;171,77;0;0;56096,71;56268,48;;;;;;;;
8/23/25;171,77;0;0;56096,71;56268,48;;;;;;;;
8/24/25;171,77;0;0;56096,71;56268,48;;;;;;;;
8/25/25;93,07;0;0;57650,84;57743,91;;;;;;;;
8/26/25;93,07;0;0;57523,31;57616,38;;;;;;;;
8/27/25;93,07;0;0;57732,49;57825,56;;;;;;;;
8/28/25;93,07;0;0;57595,04;57688,11;;;;;;;;
8/29/25;93,07;0;0;57286,9;57379,97;;;;;;;;
8/30/25;93,07;0;0;57286,9;57379,97;;;;;;;;
8/31/25;93,07;0;0;57286,9;57379,97;;;;;;;;
9/1/25;93,07;0;0;57478;57571,07;;;;;;;;
9/2/25;693,07;0;0;57092,5;57785,57;;;;;;;;
9/3/25;693,07;0;0;57441,31;58134,38;;;;;;;;
9/4/25;693,07;0;0;57711,89;58404,96;;;;;;;;
9/5/25;693,07;0;0;57720,65;58413,72;;;;;;;;
9/6/25;693,07;0;0;57720,65;58413,72;;;;;;;;
9/7/25;693,07;0;0;57720,65;58413,72;;;;;;;;
9/8/25;693,07;0;0;58028,15;58721,22;;;;;;;;
9/9/25;693,07;0;0;58116,46;58809,53;;;;;;;;
9/10/25;1381,03;0;0;57467,63;58848,66;;;;;;;;
9/11/25;1381,03;0;0;57848,15;59229,18;;;;;;;;
9/12/25;1381,03;0;0;57815,79;59196,82;;;;;;;;
9/13/25;1381,03;0;0;57815,79;59196,82;;;;;;;;
9/14/25;1381,03;0;0;57815,79;59196,82;;;;;;;;
9/15/25;1381,03;0;0;57800,27;59181,3;;;;;;;;
9/16/25;1381,03;0;0;57468,06;58849,09;;;;;;;;
9/17/25;1381,03;0;0;57644,44;59025,47;;;;;;;;
9/18/25;1381,03;0;0;57947,77;59328,8;;;;;;;;
9/19/25;1381,03;0;0;57932,66;59313,69;;;;;;;;
9/20/25;1381,03;0;0;57932,66;59313,69;;;;;;;;
9/21/25;1381,03;0;0;57932,66;59313,69;;;;;;;;
9/22/25;1381,03;0;0;57981,78;59362,81;;;;;;;;
9/23/25;202,37;0;0;59314,13;59516,5;;;;;;;;
9/24/25;202,37;0;0;59162,35;59364,72;;;;;;;;
9/25/25;202,37;0;0;59013,48;59215,85;;;;;;;;
9/26/25;202,37;0;0;59161,98;59364,35;;;;;;;;
9/27/25;202,37;0;0;59161,98;59364,35;;;;;;;;
9/28/25;202,37;0;0;59161,98;59364,35;;;;;;;;
9/29/25;202,37;0;0;59298,76;59501,13;;;;;;;;
9/30/25;202,37;0;0;59275,06;59477,43;;;;;;;;
10/1/25;42,47;0;0;61455,88;61498,35;;;;;;;;
10/2/25;42,47;0;0;61699,61;61742,08;;;;;;;;
10/3/25;42,47;0;0;62070,7;62113,17;;;;;;;;
10/4/25;42,47;0;0;62070,7;62113,17;;;;;;;;
10/5/25;42,47;0;0;62070,7;62113,17;;;;;;;;
10/6/25;42,47;0;0;62123,38;62165,85;;;;;;;;
10/7/25;42,47;0;0;62099,73;62142,2;;;;;;;;
10/8/25;42,47;0;0;62532,27;62574,74;;;;;;;;
10/9/25;42,47;0;0;62429,16;62471,63;;;;;;;;
10/10/25;64,11;0;0;61567,8;61631,91;;;;;;;;
10/11/25;64,11;0;0;61567,8;61631,91;;;;;;;;
10/12/25;64,11;0;0;61567,8;61631,91;;;;;;;;
10/13/25;64,11;0;0;62103,16;62167,27;;;;;;;;
10/14/25;64,11;0;0;61857,91;61922,02;;;;;;;;
10/15/25;64,11;0;0;62390,9;62455,01;;;;;;;;
10/16/25;64,11;0;0;62627,86;62691,97;;;;;;;;
10/17/25;64,11;0;0;62089,71;62153,82;;;;;;;;
10/18/25;64,11;0;0;62089,71;62153,82;;;;;;;;
10/19/25;64,11;0;0;62089,71;62153,82;;;;;;;;
10/20/25;64,11;0;0;62930,05;62994,16;;;;;;;;
10/21/25;2883,94;0;0;60045,45;62929,39;;;;;;;;
10/22/25;2883,94;0;0;59708,84;62592,78;;;;;;;;
10/23/25;2883,94;0;0;60110,72;62994,66;;;;;;;;
10/24/25;2883,94;0;0;60437,12;63321,06;;;;;;;;
10/25/25;2883,94;0;0;60437,12;63321,06;;;;;;;;
10/26/25;2883,94;0;0;60437,12;63321,06;;;;;;;;
10/27/25;2883,94;0;0;60501,99;63385,93;;;;;;;;
10/28/25;105,26;0;0;64122,21;64227,47;;;;;;;;
10/29/25;105,26;0;0;64244,3;64349,56;;;;;;;;
10/30/25;105,26;0;0;64416,2;64521,46;;;;;;;;
10/31/25;105,26;0;0;64370,66;64475,92;;;;;;;;
11/1/25;105,26;0;0;64370,66;64475,92;;;;;;;;
11/2/25;105,26;0;0;64370,66;64475,92;;;;;;;;
11/3/25;105,26;0;0;64399,35;64504,61;;;;;;;;
11/4/25;105,26;0;0;64339,04;64444,3;;;;;;;;
11/5/25;105,26;0;0;64507,97;64613,23;;;;;;;;
11/6/25;105,26;0;0;64048,12;64153,38;;;;;;;;
11/7/25;105,26;0;0;63564,36;63669,62;;;;;;;;
11/8/25;105,26;0;0;63564,36;63669,62;;;;;;;;
11/9/25;105,26;0;0;63564,36;63669,62;;;;;;;;
11/10/25;105,26;0;0;64607,44;64712,7;;;;;;;;
11/11/25;3740,26;0;0;61247,89;64988,15;;;;;;;;
11/12/25;2167,51;0;0;63292,61;65460,12;;;;;;;;
11/13/25;2151,96;0;0;62864,61;65016,57;;;;;;;;
11/14/25;2151,96;0;0;62626,27;64778,23;;;;;;;;
11/15/25;2151,96;0;0;62626,27;64778,23;;;;;;;;
11/16/25;2151,96;0;0;62626,27;64778,23;;;;;;;;
11/17/25;29,56;0;0;64364,38;64393,94;;;;;;;;
11/18/25;29,56;0;0;63667,3;63696,86;;;;;;;;
11/19/25;29,56;0;0;63714,83;63744,39;;;;;;;;
11/20/25;29,56;0;0;63846,73;63876,29;;;;;;;;
11/21/25;2382,68;0;0;61169,65;63552,33;;;;;;;;
11/22/25;2382,68;0;0;61169,65;63552,33;;;;;;;;
11/23/25;2382,68;0;0;61169,65;63552,33;;;;;;;;
11/24/25;1446,27;0;0;62881,51;64327,78;;;;;;;;
11/25/25;1446,27;0;0;63086,96;64533,23;;;;;;;;
11/26/25;1446,27;0;0;63631,51;65077,78;;;;;;;;
11/27/25;1446,27;0;0;63788,14;65234,41;;;;;;;;
11/28/25;1446,27;0;0;64137,94;65584,21;;;;;;;;
11/29/25;1446,27;0;0;64137,94;65584,21;;;;;;;;
11/30/25;1446,27;0;0;64137,94;65584,21;;;;;;;;
12/1/25;85,87;0;0;64941,76;65027,63;;;;;;;;
12/2/25;85,87;0;0;65095,41;65181,28;;;;;;;;
12/3/25;85,87;0;0;65309,03;65394,9;;;;;;;;
12/4/25;85,87;0;0;65470,54;65556,41;;;;;;;;
12/5/25;85,87;0;0;65609,35;65695,22;;;;;;;;
12/6/25;85,87;0;0;65609,35;65695,22;;;;;;;;
12/7/25;685,87;0;0;65609,35;66295,22;;;;;;;;
12/8/25;179,71;0;0;65904,68;66084,39;;;;;;;;
12/9/25;2913,05;0;0;63263,39;66176,44;;;;;;;;
12/10/25;2183,05;0;0;63768,54;65951,59;;;;;;;;
12/11/25;1506,45;0;0;64441,21;65947,66;;;;;;;;
12/12/25;1506,45;0;0;64061,32;65567,77;;;;;;;;
12/13/25;1506,45;0;0;64061,32;65567,77;;;;;;;;
12/14/25;1506,45;0;0;64061,32;65567,77;;;;;;;;
12/15/25;435,91;0;0;65176,17;65612,08;;;;;;;;
12/16/25;435,91;0;0;64741,68;65177,59;;;;;;;;
12/17/25;435,91;0;0;64694,35;65130,26;;;;;;;;
12/18/25;435,91;0;0;65271,65;65707,56;;;;;;;;
12/19/25;435,91;0;0;65606,45;66042,36;;;;;;;;
12/20/25;435,91;0;0;65606,45;66042,36;;;;;;;;
12/21/25;435,91;0;0;65606,45;66042,36;;;;;;;;
12/22/25;2107,91;0;0;65744,37;67852,28;;;;;;;;
12/23/25;133,34;0;0;67784,4;67917,74;;;;;;;;
12/24/25;133,34;0;0;67784,4;67917,74;;;;;;;;
12/25/25;133,34;0;0;67784,4;67917,74;;;;;;;;
12/26/25;133,34;0;0;67784,4;67917,74;;;;;;;;
12/27/25;133,34;0;0;67784,4;67917,74;;;;;;;;
12/28/25;133,34;0;0;67784,4;67917,74;;;;;;;;
12/29/25;133,34;0;0;67883,19;68016,53;;;;;;;;
12/30/25;133,34;0;0;68127,53;68260,87;;;;;;;;
12/31/25;133,34;0;0;68127,53;68260,87;;;;;;;;
1/1/26;133,34;0;0;68127,53;68260,87;;;;;;;;
1/2/26;133,34;0;0;68130,69;68264,03;;;;;;;;
1/3/26;133,34;0;0;68130,69;68264,03;;;;;;;;
1/4/26;133,34;0;0;68130,69;68264,03;;;;;;;;
1/5/26;133,34;0;0;68924,78;69058,12;;;;;;;;
1/6/26;133,34;0;0;69534,69;69668,03;;;;;;;;
1/7/26;133,34;0;0;69635,95;69769,29;;;;;;;;
1/8/26;133,34;0;0;69642,56;69775,9;;;;;;;;
1/9/26;133,34;0;0;70289,92;70423,26;;;;;;;;
1/10/26;133,34;0;0;70289,92;70423,26;;;;;;;;
1/11/26;133,34;0;0;70289,92;70423,26;;;;;;;;
1/12/26;0;2,86;0;70396,18;70393,32;;;;;;;;
1/13/26;47,14;0;0;70325,71;70372,85;;;;;;;;
1/14/26;47,14;0;0;70056,71;70103,85;;;;;;;;
1/15/26;47,14;0;0;70581,65;70628,79;;;;;;;;
1/16/26;47,14;0;0;70294,36;70341,5;;;;;;;;
1/17/26;47,14;0;0;70294,36;70341,5;;;;;;;;
1/18/26;47,14;0;0;70294,36;70341,5;;;;;;;;
1/19/26;597,14;0;0;69785,93;70383,07;;;;;;;;
1/20/26;1626,77;0;0;68314,72;69941,49;;;;;;;;
1/21/26;24,77;0;0;70396,46;70421,23;;;;;;;;
1/22/26;24,77;0;0;70926,22;70950,99;;;;;;;;
1/23/26;24,77;0;0;70666,44;70691,21;;;;;;;;
1/24/26;24,77;0;0;70666,44;70691,21;;;;;;;;
1/25/26;24,77;0;0;70666,44;70691,21;;;;;;;;
1/26/26;24,77;0;0;70479,76;70504,53;;;;;;;;
1/27/26;24,77;0;0;70468,24;70493,01;;;;;;;;
1/28/26;24,77;0;0;70784,82;70809,59;;;;;;;;
1/29/26;24,77;0;0;70535,74;70560,51;;;;;;;;
1/30/26;3572,86;0;0;66315,77;69888,63;;;;;;;;
1/31/26;3572,86;0;0;66315,77;69888,63;;;;;;;;
2/1/26;4072,86;0;0;66315,77;70388,63;;;;;;;;
2/2/26;3288,24;0;0;67300;70588,24;;;;;;;;
2/3/26;3288,24;0;0;67652,03;70940,27;;;;;;;;
2/4/26;1698,24;0;0;69298,57;70996,81;;;;;;;;
2/5/26;1698,24;0;0;68829,95;70528,19;;;;;;;;
2/6/26;2240,55;0;0;68875,64;71116,19;;;;;;;;
2/7/26;2240,55;0;0;68875,64;71116,19;;;;;;;;
2/8/26;2240,55;0;0;68875,64;71116,19;;;;;;;;
2/9/26;2240,55;0;0;69283,19;71523,74;;;;;;;;
2/10/26;2240,55;0;0;69688,94;71929,49;;;;;;;;
2/11/26;2240,55;0;0;69834,96;72075,51;;;;;;;;
2/12/26;2240,55;0;0;69541,84;71782,39;;;;;;;;
2/13/26;2240,55;0;0;69822,85;72063,4;;;;;;;;
2/14/26;2240,55;0;0;69822,85;72063,4;;;;;;;;
2/15/26;2240,55;0;0;69822,85;72063,4;;;;;;;;
2/16/26;1681,69;0;0;70385,86;72067,55;;;;;;;;
2/17/26;1681,69;0;0;70223,73;71905,42;;;;;;;;
2/18/26;1681,69;0;0;70666,48;72348,17;;;;;;;;
2/19/26;1681,69;0;0;70585,91;72267,6;;;;;;;;
2/20/26;1681,69;0;0;70879,31;72561;;;;;;;;
2/21/26;1681,69;0;0;70879,31;72561;;;;;;;;
2/22/26;1681,69;0;0;70879,31;72561;;;;;;;;
2/23/26;1681,69;0;0;70694,62;72376,31;;;;;;;;
2/24/26;75,19;0;0;72731,26;72806,45;;;;;;;;
2/25/26;75,19;0;0;73274,72;73349,91;;;;;;;;
2/26/26;75,19;0;0;73110;73185,19;;;;;;;;
2/27/26;75,19;0;0;73091,12;73166,31;;;;;;;;
2/28/26;75,19;0;0;73091,12;73166,31;;;;;;;;
3/1/26;75,19;0;0;73091,12;73166,31;;;;;;;;
3/2/26;75,19;0;0;73195,42;73270,61;;;;;;;;
3/3/26;36,04;0;0;72098,81;72134,85;;;;;;;;
3/4/26;36,04;0;0;73141,61;73177,65;;;;;;;;
3/5/26;36,04;0;0;72484,36;72520,4;;;;;;;;
3/6/26;36,04;0;0;71699,32;71735,36;;;;;;;;
3/7/26;36,04;0;0;71699,32;71735,36;;;;;;;;
3/8/26;36,04;0;0;71699,32;71735,36;;;;;;;;
3/9/26;36,04;0;0;71429,73;71465,77;;;;;;;;
3/10/26;36,04;0;0;72614,65;72650,69;;;;;;;;
3/11/26;36,04;0;0;72190,11;72226,15;;;;;;;;
3/12/26;36,04;0;0;71738,29;71774,33;;;;;;;;
3/13/26;38,52;0;0;71640,48;71679;;;;;;;;
3/14/26;38,52;0;0;71640,48;71679;;;;;;;;
3/15/26;38,52;0;0;71640,48;71679;;;;;;;;
3/16/26;38,52;0;0;71871,96;71910,48;;;;;;;;
3/17/26;38,52;0;0;72146,15;72184,67;;;;;;;;
3/18/26;38,52;0;0;71366,03;71404,55;;;;;;;;
3/19/26;1750,01;0;0;68244,42;69994,43;;;;;;;;
3/20/26;1750,01;0;0;67604,15;69354,16;;;;;;;;
3/21/26;1750,01;0;0;67604,15;69354,16;;;;;;;;
3/22/26;1750,01;0;0;67604,15;69354,16;;;;;;;;
3/23/26;938,42;0;0;68626,45;69564,87;;;;;;;;
3/24/26;938,42;0;0;68564,28;69502,7;;;;;;;;
3/25/26;938,42;0;0;69416,94;70355,36;;;;;;;;
3/26/26;938,42;0;0;68665,86;69604,28;;;;;;;;
3/27/26;1638,42;0;0;68022,84;69661,26;;;;;;;;
3/28/26;1638,42;0;0;68022,84;69661,26;;;;;;;;
3/29/26;1638,42;0;0;68022,84;69661,26;;;;;;;;
3/30/26;1638,42;0;0;68849,69;70488,11;;;;;;;;
3/31/26;1638,42;0;0;68515,9;70154,32;;;;;;;;
4/1/26;1638,42;0;0;70106,93;71745,35;;;;;;;;
4/2/26;1638,42;0;0;69664,34;71302,76;;;;;;;;
4/3/26;1638,42;0;0;69664,34;71302,76;;;;;;;;
4/4/26;1638,42;0;0;69664,34;71302,76;;;;;;;;
4/5/26;1638,42;0;0;69664,34;71302,76;;;;;;;;
4/6/26;1638,42;0;0;69664,34;71302,76;;;;;;;;
4/7/26;1638,42;0;0;69089,89;70728,31;;;;;;;;
4/8/26;1638,42;0;0;71223,29;72861,71;;;;;;;;
4/9/26;1638,42;0;0;71155,43;72793,85;;;;;;;;
4/10/26;1638,42;0;0;71153,51;72791,93;;;;;;;;
4/11/26;1638,42;0;0;71153,51;72791,93;;;;;;;;
4/12/26;1638,42;0;0;71153,51;72791,93;;;;;;;;
4/13/26;1638,42;0;0;70944,72;72583,14;;;;;;;;
4/14/26;1638,42;0;0;72049,42;73687,84;;;;;;;;
4/15/26;74,58;0;0;73387,78;73462,36;;;;;;;;
4/16/26;74,58;0;0;73772,22;73846,8;;;;;;;;
4/17/26;130,76;0;0;75157,04;75287,8;;;;;;;;
4/18/26;130,76;0;0;75157,04;75287,8;;;;;;;;
4/19/26;130,76;0;0;75157,04;75287,8;;;;;;;;
4/20/26;130,76;0;0;74555,07;74685,83;;;;;;;;
4/21/26;130,76;0;0;74406,04;74536,8;;;;;;;;
4/22/26;130,76;0;0;74924,38;75055,14;;;;;;;;
4/23/26;130,76;0;0;74767,65;74898,41;;;;;;;;
4/24/26;130,76;0;0;74377,97;74508,73;;;;;;;;
4/25/26;130,76;0;0;74377,97;74508,73;;;;;;;;
4/26/26;130,76;0;0;74377,97;74508,73;;;;;;;;
4/27/26;130,76;0;0;74157,53;74288,29;;;;;;;;
4/28/26;130,76;0;0;73665,84;73796,6;;;;;;;;
4/29/26;130,76;0;0;73802,65;73933,41;;;;;;;;
4/30/26;130,76;0;0;74139,94;74270,7;;;;;;;;
5/1/26;130,76;0;0;74139,94;74270,7;;;;;;;;
5/2/26;130,76;0;0;74139,94;74270,7;;;;;;;;
5/3/26;130,76;0;0;74139,94;74270,7;;;;;;;;
5/4/26;130,76;0;0;74399,89;74530,65;;;;;;;;
5/5/26;130,76;0;0;74719,81;74850,57;;;;;;;;
5/6/26;130,76;0;0;75631,38;75762,14;;;;;;;;
5/7/26;130,76;0;0;75640,57;75771,33;;;;;;;;
5/8/26;130,76;0;0;75498,52;75629,28;;;;;;;;
5/9/26;130,76;0;0;75498,52;75629,28;;;;;;;;
5/10/26;130,76;0;0;75498,52;75629,28;;;;;;;;
5/11/26;130,76;0;0;75751,86;75882,62;;;;;;;;
5/12/26;130,76;0;0;75039,23;75169,99;;;;;;;;
5/13/26;130,76;0;0;75657,12;75787,88;;;;;;;;
5/14/26;130,76;0;0;76334,57;76465,33;;;;;;;;
5/15/26;124,56;0;0;76336,68;76461,24;;;;;;;;
5/16/26;124,56;0;0;76336,68;76461,24;;;;;;;;
5/17/26;124,56;0;0;76336,68;76461,24;;;;;;;;
5/18/26;124,56;0;0;75835,6;75960,16;;;;;;;;
5/19/26;124,56;0;0;76036,71;76161,27;;;;;;;;
5/20/26;124,56;0;0;76557,3;76681,86;;;;;;;;
5/21/26;124,56;0;0;76815,5;76940,06;;;;;;;;
5/22/26;124,56;0;0;77497,89;77622,45;;;;;;;;
5/23/26;124,56;0;0;77497,89;77622,45;;;;;;;;
5/24/26;124,56;0;0;77497,89;77622,45;;;;;;;;
5/25/26;124,56;0;0;78391,83;78516,39;;;;;;;;
5/26/26;124,56;0;0;77552,6;77677,16;;;;;;;;
5/27/26;124,56;0;0;77413,53;77538,09;;;;;;;;
5/28/26;124,56;0;0;77451,06;77575,62;;;;;;;;
5/29/26;124,56;0;0;77663,37;77787,93;;;;;;;;
5/30/26;124,56;0;0;77663,37;77787,93;;;;;;;;
5/31/26;124,56;0;0;77663,37;77787,93;;;;;;;;
6/1/26;2519,56;0;0;75481,53;78001,09;;;;;;;;
6/2/26;2519,56;0;0;75504,276;78023,836;Valori provvisori della giornata in corso, soggetti a variazione fino al fine giornata.;;;;;;;